dcterms:identifier,dcterms:title,dcterms:relation ^^resource,paper:bunkenmei,paper:bunrui,paper:material,paper:person,paper:date
PEG001,PEG001構紙,,中国古籍修復紙譜(上),皮紙,構皮,段宇,
PEG001-1,PEG001構紙 観察ポイント1,PEG001,,,,,
PEG001-2,PEG001構紙 観察ポイント2,PEG001,,,,,
PEG001-3,PEG001構紙 観察ポイント3,PEG001,,,,,
PEG001-4,PEG001構紙 観察ポイント4,PEG001,,,,,
PEG001-5,PEG001構紙 観察ポイント5,PEG001,,,,,
PKG002,PKG002雁皮紙,,中国古籍修復紙譜(上),皮紙,雁皮,段宇,
PKG002-1,PKG002雁皮紙 観察ポイント1,PKG002,,,,,
PKG002-2,PKG002雁皮紙 観察ポイント2,PKG002,,,,,
PKG002-3,PKG002雁皮紙 観察ポイント3,PKG002,,,,,
PKG002-4,PKG002雁皮紙 観察ポイント4,PKG002,,,,,
PKG002-5,PKG002雁皮紙 観察ポイント5,PKG002,,,,,
PBH003,PBH003小綿紙,,中国古籍修復紙譜(上),皮紙,構皮,段宇,
PBH003-1,PBH003小綿紙 観察ポイント1,PBH003,,,,,
PBH003-2,PBH003小綿紙 観察ポイント2,PBH003,,,,,
PBH003-3,PBH003小綿紙 観察ポイント3,PBH003,,,,,
PBH003-4,PBH003小綿紙 観察ポイント4,PBH003,,,,,
PBH003-5,PBH003小綿紙 観察ポイント5,PBH003,,,,,
PBG004,PBG004大綿紙,,中国古籍修復紙譜(上),皮紙,桑皮,段宇,
PBG004-1,PBG004大綿紙 観察ポイント1,PBG004,,,,,
PBG004-2,PBG004大綿紙 観察ポイント2,PBG004,,,,,
PBG004-3,PBG004大綿紙 観察ポイント3,PBG004,,,,,
PBG004-4,PBG004大綿紙 観察ポイント4,PBG004,,,,,
PBG004-5,PBG004大綿紙 観察ポイント5,PBG004,,,,,
PCG006,PCG006薄皮紙,,中国古籍修復紙譜(上),皮紙,桑皮,段宇,
PCG006-1,PCG006薄皮紙 観察ポイント1,PCG006,,,,,
PCG006-2,PCG006薄皮紙 観察ポイント2,PCG006,,,,,
PCG006-3,PCG006薄皮紙 観察ポイント3,PCG006,,,,,
PCG006-4,PCG006薄皮紙 観察ポイント4,PCG006,,,,,
PCG006-5,PCG006薄皮紙 観察ポイント5,PCG006,,,,,
PDG007,PDG007楮皮紙,,中国古籍修復紙譜(上),皮紙,構皮,段宇,
PDG007-1,PDG007楮皮紙 観察ポイント1,PDG007,,,,,
PDG007-2,PDG007楮皮紙 観察ポイント2,PDG007,,,,,
PDG007-3,PDG007楮皮紙 観察ポイント3,PDG007,,,,,
PDG007-4,PDG007楮皮紙 観察ポイント4,PDG007,,,,,
PDG007-5,PDG007楮皮紙 観察ポイント5,PDG007,,,,,
PEG010,PEG010構皮一号,,中国古籍修復紙譜(上),皮紙,構皮,段宇,
PEG010-1,PEG010構皮一号 観察ポイント1,PEG010,,,,,
PEG010-2,PEG010構皮一号 観察ポイント2,PEG010,,,,,
PEG010-3,PEG010構皮一号 観察ポイント3,PEG010,,,,,
PEG010-4,PEG010構皮一号 観察ポイント4,PEG010,,,,,
PEG010-5,PEG010構皮一号 観察ポイント5,PEG010,,,,,
PEG011,PEG011構皮二号,,中国古籍修復紙譜(上),皮紙,構皮,段宇,
PEG011-1,PEG011構皮二号 観察ポイント1,PEG011,,,,,
PEG011-2,PEG011構皮二号 観察ポイント2,PEG011,,,,,
PEG011-3,PEG011構皮二号 観察ポイント3,PEG011,,,,,
PEG011-4,PEG011構皮二号 観察ポイント4,PEG011,,,,,
PEG011-5,PEG011構皮二号 観察ポイント5,PEG011,,,,,
PEG012,PEG012構皮二号,,中国古籍修復紙譜(上),皮紙,構皮,段宇,
PEG012-1,PEG012構皮二号 観察ポイント1,PEG012,,,,,
PEG012-2,PEG012構皮二号 観察ポイント2,PEG012,,,,,
PEG012-3,PEG012構皮二号 観察ポイント3,PEG012,,,,,
PEG012-4,PEG012構皮二号 観察ポイント4,PEG012,,,,,
PEG012-5,PEG012構皮二号 観察ポイント5,PEG012,,,,,
PEG013,PEG013構皮六号,,中国古籍修復紙譜(上),皮紙,構皮,段宇,
PEG013-1,PEG013構皮六号 観察ポイント1,PEG013,,,,,
PEG013-2,PEG013構皮六号 観察ポイント2,PEG013,,,,,
PEG013-3,PEG013構皮六号 観察ポイント3,PEG013,,,,,
PEG013-4,PEG013構皮六号 観察ポイント4,PEG013,,,,,
PEG013-5,PEG013構皮六号 観察ポイント5,PEG013,,,,,
PEG014,PEG014構皮六号,,中国古籍修復紙譜(上),皮紙,構皮,段宇,
PEG014-1,PEG014構皮六号 観察ポイント1,PEG014,,,,,
PEG014-2,PEG014構皮六号 観察ポイント2,PEG014,,,,,
PEG014-3,PEG014構皮六号 観察ポイント3,PEG014,,,,,
PEG014-4,PEG014構皮六号 観察ポイント4,PEG014,,,,,
PEG014-5,PEG014構皮六号 観察ポイント5,PEG014,,,,,
PEG015,PEG015構皮八号,,中国古籍修復紙譜(上),皮紙,構皮,段宇,
PEG015-1,PEG015構皮八号 観察ポイント1,PEG015,,,,,
PEG015-2,PEG015構皮八号 観察ポイント2,PEG015,,,,,
PEG015-3,PEG015構皮八号 観察ポイント3,PEG015,,,,,
PEG015-4,PEG015構皮八号 観察ポイント4,PEG015,,,,,
PEG015-5,PEG015構皮八号 観察ポイント5,PEG015,,,,,
PEG016,PEG016構皮十一号,,中国古籍修復紙譜(上),皮紙,構皮,段宇,
PEG016-1,PEG016構皮十一号 観察ポイント1,PEG016,,,,,
PEG016-2,PEG016構皮十一号 観察ポイント2,PEG016,,,,,
PEG016-3,PEG016構皮十一号 観察ポイント3,PEG016,,,,,
PEG016-4,PEG016構皮十一号 観察ポイント4,PEG016,,,,,
PEG016-5,PEG016構皮十一号 観察ポイント5,PEG016,,,,,
PGG018,PGG018マニラ皮紙一号,,中国古籍修復紙譜(上),皮紙,マニラアサ,段宇,
PGG018-1,PGG018マニラ皮紙一号 観察ポイント1,PGG018,,,,,
PGG018-2,PGG018マニラ皮紙一号 観察ポイント2,PGG018,,,,,
PGG018-3,PGG018マニラ皮紙一号 観察ポイント3,PGG018,,,,,
PGG018-4,PGG018マニラ皮紙一号 観察ポイント4,PGG018,,,,,
PGG018-5,PGG018マニラ皮紙一号 観察ポイント5,PGG018,,,,,
PGG019,PGG019マニラ皮紙二号,,中国古籍修復紙譜(上),皮紙,マニラアサ,段宇,
PGG019-1,PGG019マニラ皮紙二号 観察ポイント1,PGG019,,,,,
PGG019-2,PGG019マニラ皮紙二号 観察ポイント2,PGG019,,,,,
PGG019-3,PGG019マニラ皮紙二号 観察ポイント3,PGG019,,,,,
PGG019-4,PGG019マニラ皮紙二号 観察ポイント4,PGG019,,,,,
PGG019-5,PGG019マニラ皮紙二号 観察ポイント5,PGG019,,,,,
PGG020,PGG020マニラ皮紙三号,,中国古籍修復紙譜(上),皮紙,マニラアサ,段宇,
PGG020-1,PGG020マニラ皮紙三号 観察ポイント1,PGG020,,,,,
PGG020-2,PGG020マニラ皮紙三号 観察ポイント2,PGG020,,,,,
PGG020-3,PGG020マニラ皮紙三号 観察ポイント3,PGG020,,,,,
PGG020-4,PGG020マニラ皮紙三号 観察ポイント4,PGG020,,,,,
PGG020-5,PGG020マニラ皮紙三号 観察ポイント5,PGG020,,,,,
PGG021,PGG021マニラ皮紙四号,,中国古籍修復紙譜(上),皮紙,マニラアサ,段宇,
PGG021-1,PGG021マニラ皮紙四号 観察ポイント1,PGG021,,,,,
PGG021-2,PGG021マニラ皮紙四号 観察ポイント2,PGG021,,,,,
PGG021-3,PGG021マニラ皮紙四号 観察ポイント3,PGG021,,,,,
PGG021-4,PGG021マニラ皮紙四号 観察ポイント4,PGG021,,,,,
PGG021-5,PGG021マニラ皮紙四号 観察ポイント5,PGG021,,,,,
PHG028,PHG028皮紙七号,,中国古籍修復紙譜(上),皮紙,構皮,段宇,
PHG028-1,PHG028皮紙七号 観察ポイント1,PHG028,,,,,
PHG028-2,PHG028皮紙七号 観察ポイント2,PHG028,,,,,
PHG028-3,PHG028皮紙七号 観察ポイント3,PHG028,,,,,
PHG028-4,PHG028皮紙七号 観察ポイント4,PHG028,,,,,
PHG028-5,PHG028皮紙七号 観察ポイント5,PHG028,,,,,
PIG029,PIG029桑皮薄皮紙,,中国古籍修復紙譜(上),皮紙,桑皮,段宇,
PIG029-1,PIG029桑皮薄皮紙 観察ポイント1,PIG029,,,,,
PIG029-2,PIG029桑皮薄皮紙 観察ポイント2,PIG029,,,,,
PIG029-3,PIG029桑皮薄皮紙 観察ポイント3,PIG029,,,,,
PIG029-4,PIG029桑皮薄皮紙 観察ポイント4,PIG029,,,,,
PIG029-5,PIG029桑皮薄皮紙 観察ポイント5,PIG029,,,,,
PIG030,PIG030桑皮薄単宣,,中国古籍修復紙譜(上),皮紙,構皮,段宇,
PIG030-1,PIG030桑皮薄単宣 観察ポイント1,PIG030,,,,,
PIG030-2,PIG030桑皮薄単宣 観察ポイント2,PIG030,,,,,
PIG030-3,PIG030桑皮薄単宣 観察ポイント3,PIG030,,,,,
PIG030-4,PIG030桑皮薄単宣 観察ポイント4,PIG030,,,,,
PIG030-5,PIG030桑皮薄単宣 観察ポイント5,PIG030,,,,,
PIG031,PIG031桑皮標準単宣,,中国古籍修復紙譜(上),皮紙,構皮,段宇,
PIG031-1,PIG031桑皮標準単宣 観察ポイント1,PIG031,,,,,
PIG031-2,PIG031桑皮標準単宣 観察ポイント2,PIG031,,,,,
PIG031-3,PIG031桑皮標準単宣 観察ポイント3,PIG031,,,,,
PIG031-4,PIG031桑皮標準単宣 観察ポイント4,PIG031,,,,,
PIG031-5,PIG031桑皮標準単宣 観察ポイント5,PIG031,,,,,
PKA035,PKA035雁皮紙,,中国古籍修復紙譜(上),皮紙,雁皮,段宇,
PKA035-1,PKA035雁皮紙 観察ポイント1,PKA035,,,,,
PKA035-2,PKA035雁皮紙 観察ポイント2,PKA035,,,,,
PKA035-3,PKA035雁皮紙 観察ポイント3,PKA035,,,,,
PKA035-4,PKA035雁皮紙 観察ポイント4,PKA035,,,,,
PKA035-5,PKA035雁皮紙 観察ポイント5,PKA035,,,,,
PLA036,PLA036山椏薄皮紙,,中国古籍修復紙譜(上),皮紙,山椏皮,段宇,
PLA036-1,PLA036山椏薄皮紙 観察ポイント1,PLA036,,,,,
PLA036-2,PLA036山椏薄皮紙 観察ポイント2,PLA036,,,,,
PLA036-3,PLA036山椏薄皮紙 観察ポイント3,PLA036,,,,,
PLA036-4,PLA036山椏薄皮紙 観察ポイント4,PLA036,,,,,
PLA036-5,PLA036山椏薄皮紙 観察ポイント5,PLA036,,,,,
PIB038,PIB038桑皮薄単宣二,,中国古籍修復紙譜(上),皮紙,桑皮,段宇,
PIB038-1,PIB038桑皮薄単宣二 観察ポイント1,PIB038,,,,,
PIB038-2,PIB038桑皮薄単宣二 観察ポイント2,PIB038,,,,,
PIB038-3,PIB038桑皮薄単宣二 観察ポイント3,PIB038,,,,,
PIB038-4,PIB038桑皮薄単宣二 観察ポイント4,PIB038,,,,,
PIB038-5,PIB038桑皮薄単宣二 観察ポイント5,PIB038,,,,,
PDN039,PDN039楮皮羅紋紙,,中国古籍修復紙譜(上),皮紙,構皮,段宇,
PDN039-1,PDN039楮皮羅紋紙 観察ポイント1,PDN039,,,,,
PDN039-2,PDN039楮皮羅紋紙 観察ポイント2,PDN039,,,,,
PDN039-3,PDN039楮皮羅紋紙 観察ポイント3,PDN039,,,,,
PDN039-4,PDN039楮皮羅紋紙 観察ポイント4,PDN039,,,,,
PDN039-5,PDN039楮皮羅紋紙 観察ポイント5,PDN039,,,,,
PDN040,PDN040原色楮皮紙,,中国古籍修復紙譜(上),皮紙,構皮,段宇,
PDN040-1,PDN040原色楮皮紙 観察ポイント1,PDN040,,,,,
PDN040-2,PDN040原色楮皮紙 観察ポイント2,PDN040,,,,,
PDN040-3,PDN040原色楮皮紙 観察ポイント3,PDN040,,,,,
PDN040-4,PDN040原色楮皮紙 観察ポイント4,PDN040,,,,,
PDN040-5,PDN040原色楮皮紙 観察ポイント5,PDN040,,,,,
PEJ041,PEJ041迎春一号,,中国古籍修復紙譜(上),皮紙,構皮,段宇,
PEJ041-1,PEJ041迎春一号 観察ポイント1,PEJ041,,,,,
PEJ041-2,PEJ041迎春一号 観察ポイント2,PEJ041,,,,,
PEJ041-3,PEJ041迎春一号 観察ポイント3,PEJ041,,,,,
PEJ041-4,PEJ041迎春一号 観察ポイント4,PEJ041,,,,,
PEJ041-5,PEJ041迎春一号 観察ポイント5,PEJ041,,,,,
PEJ042,PEJ042迎春二号,,中国古籍修復紙譜(上),皮紙,構皮,段宇,
PEJ042-1,PEJ042迎春二号 観察ポイント1,PEJ042,,,,,
PEJ042-2,PEJ042迎春二号 観察ポイント2,PEJ042,,,,,
PEJ042-3,PEJ042迎春二号 観察ポイント3,PEJ042,,,,,
PEJ042-4,PEJ042迎春二号 観察ポイント4,PEJ042,,,,,
PEJ042-5,PEJ042迎春二号 観察ポイント5,PEJ042,,,,,
PEI043,PEI043純皮樹紙,,中国古籍修復紙譜(上),皮紙,構皮,段宇,
PEI043-1,PEI043純皮樹紙 観察ポイント1,PEI043,,,,,
PEI043-2,PEI043純皮樹紙 観察ポイント2,PEI043,,,,,
PEI043-3,PEI043純皮樹紙 観察ポイント3,PEI043,,,,,
PEI043-4,PEI043純皮樹紙 観察ポイント4,PEI043,,,,,
PEI043-5,PEI043純皮樹紙 観察ポイント5,PEI043,,,,,
PEK045,PEK045十八号紙,,中国古籍修復紙譜(上),皮紙,構皮,段宇,
PEK045-1,PEK045十八号紙 観察ポイント1,PEK045,,,,,
PEK045-2,PEK045十八号紙 観察ポイント2,PEK045,,,,,
PEK045-3,PEK045十八号紙 観察ポイント3,PEK045,,,,,
PEK045-4,PEK045十八号紙 観察ポイント4,PEK045,,,,,
PEK045-5,PEK045十八号紙 観察ポイント5,PEK045,,,,,
PIL046,PIL046新疆桑皮紙,,中国古籍修復紙譜(上),皮紙,桑皮,段宇,
PIL046-1,PIL046新疆桑皮紙 観察ポイント1,PIL046,,,,,
PIL046-2,PIL046新疆桑皮紙 観察ポイント2,PIL046,,,,,
PIL046-3,PIL046新疆桑皮紙 観察ポイント3,PIL046,,,,,
PIL046-4,PIL046新疆桑皮紙 観察ポイント4,PIL046,,,,,
PIL046-5,PIL046新疆桑皮紙 観察ポイント5,PIL046,,,,,
PEO048,PEO048桑皮紙,,中国古籍修復紙譜(上),皮紙,桑樹,段宇,
PEO048-1,PEO048桑皮紙 観察ポイント1,PEO048,,,,,
PEO048-2,PEO048桑皮紙 観察ポイント2,PEO048,,,,,
PEO048-3,PEO048桑皮紙 観察ポイント3,PEO048,,,,,
PEO048-4,PEO048桑皮紙 観察ポイント4,PEO048,,,,,
PEO048-5,PEO048桑皮紙 観察ポイント5,PEO048,,,,,
ZAH001,ZAH001毛太紙,,中国古籍修復紙譜(上),竹紙,竹,段宇,2019.11.27
ZAH001-1,ZAH001毛太紙 観察ポイント1,ZAH001,,,,,
ZAH001-２,ZAH001毛太紙 観察ポイント2,ZAH001,,,,,
ZAH001-3,ZAH001毛太紙 観察ポイント3,ZAH001,,,,,
ZAH001-4,ZAH001毛太紙 観察ポイント4,ZAH001,,,,,
ZAH001-5,ZAH001毛太紙 観察ポイント5,ZAH001,,,,,
ZDH018,ZDH018機粉連史紙,,中国古籍修復紙譜(上),竹紙,竹,段宇,
ZDH018-1,ZDH018機粉連史紙 観察ポイント1,ZDH018,,,,,
ZDH018-2,ZDH018機粉連史紙 観察ポイント2,ZDH018,,,,,
ZDH018-3,ZDH018機粉連史紙 観察ポイント3,ZDH018,,,,,
ZDH018-4,ZDH018機粉連史紙 観察ポイント4,ZDH018,,,,,
ZDH018-5,ZDH018機粉連史紙 観察ポイント5,ZDH018,,,,,
ZEH019,ZEH019本色連史紙一号,,中国古籍修復紙譜(上),竹紙,竹,段宇,
ZEH019-1,ZEH019本色連史紙一号 観察ポイント1,ZEH019,,,,,
ZEH019-2,ZEH019本色連史紙一号 観察ポイント2,ZEH019,,,,,
ZEH019-3,ZEH019本色連史紙一号 観察ポイント3,ZEH019,,,,,
ZEH019-4,ZEH019本色連史紙一号 観察ポイント4,ZEH019,,,,,
ZEH019-5,ZEH019本色連史紙一号 観察ポイント5,ZEH019,,,,,
ZEH021,ZEH021本色連史紙三号,,中国古籍修復紙譜(上),竹紙,竹,段宇,
ZEH021-1,ZEH021本色連史紙三号 観察ポイント1,ZEH021,,,,,
ZEH021-2,ZEH021本色連史紙三号 観察ポイント2,ZEH021,,,,,
ZEH021-3,ZEH021本色連史紙三号 観察ポイント3,ZEH021,,,,,
ZEH021-4,ZEH021本色連史紙三号 観察ポイント4,ZEH021,,,,,
ZEH021-5,ZEH021本色連史紙三号 観察ポイント5,ZEH021,,,,,
ZFC022,ZFC022古法連四紙,,中国古籍修復紙譜(上),竹紙,竹,段宇,
ZFC022-1,ZFC022古法連四紙 観察ポイント1,ZFC022,,,,,
ZFC022-2,ZFC022古法連四紙 観察ポイント2,ZFC022,,,,,
ZFC022-3,ZFC022古法連四紙 観察ポイント3,ZFC022,,,,,
ZFC022-4,ZFC022古法連四紙 観察ポイント4,ZFC022,,,,,
ZFC022-5,ZFC022古法連四紙 観察ポイント5,ZFC022,,,,,
ZFC023,ZFC023古法連四紙一点六グラム,,中国古籍修復紙譜(上),竹紙,竹,段宇,
ZFC023-1,ZFC023古法連四紙一点六グラム 観察ポイント1,ZFC023,,,,,
ZFC023-2,ZFC023古法連四紙一点六グラム 観察ポイント2,ZFC023,,,,,
ZFC023-3,ZFC023古法連四紙一点六グラム 観察ポイント3,ZFC023,,,,,
ZFC023-4,ZFC023古法連四紙一点六グラム 観察ポイント4,ZFC023,,,,,
ZFC023-5,ZFC023古法連四紙一点六グラム 観察ポイント5,ZFC023,,,,,
ZGG024,ZGG024苦竹生料混料,,中国古籍修復紙譜(上),竹紙,竹,段宇,
ZGG024-1,ZGG024苦竹生料混料 観察ポイント1,ZGG024,,,,,
ZGG024-2,ZGG024苦竹生料混料 観察ポイント2,ZGG024,,,,,
ZGG024-3,ZGG024苦竹生料混料 観察ポイント3,ZGG024,,,,,
ZGG024-4,ZGG024苦竹生料混料 観察ポイント4,ZGG024,,,,,
ZGG024-5,ZGG024苦竹生料混料 観察ポイント5,ZGG024,,,,,
ZGG025,ZGG025苦竹生料混料,,中国古籍修復紙譜(上),竹紙,竹,段宇,
ZGG025-1,ZGG025苦竹生料混料 観察ポイント1,ZGG025,,,,,
ZGG025-2,ZGG025苦竹生料混料 観察ポイント2,ZGG025,,,,,
ZGG025-3,ZGG025苦竹生料混料 観察ポイント3,ZGG025,,,,,
ZGG025-4,ZGG025苦竹生料混料 観察ポイント4,ZGG025,,,,,
ZGG025-5,ZGG025苦竹生料混料 観察ポイント5,ZGG025,,,,,
ZGG026,ZGG026苦竹生料混料,,中国古籍修復紙譜(上),竹紙,竹,段宇,
ZGG026-1,ZGG026苦竹生料混料 観察ポイント1,ZGG026,,,,,
ZGG026-2,ZGG026苦竹生料混料 観察ポイント2,ZGG026,,,,,
ZGG026-3,ZGG026苦竹生料混料 観察ポイント3,ZGG026,,,,,
ZGG026-4,ZGG026苦竹生料混料 観察ポイント4,ZGG026,,,,,
ZGG026-5,ZGG026苦竹生料混料 観察ポイント5,ZGG026,,,,,
ZGG027,ZGG027苦竹生料混料,,中国古籍修復紙譜(上),竹紙,竹,段宇,
ZGG027-1,ZGG027苦竹生料混料 観察ポイント1,ZGG027,,,,,
ZGG027-2,ZGG027苦竹生料混料 観察ポイント2,ZGG027,,,,,
ZGG027-3,ZGG027苦竹生料混料 観察ポイント3,ZGG027,,,,,
ZGG027-4,ZGG027苦竹生料混料 観察ポイント4,ZGG027,,,,,
ZGG027-5,ZGG027苦竹生料混料 観察ポイント5,ZGG027,,,,,
ZGG028,ZGG028苦竹生料混料,,中国古籍修復紙譜(上),竹紙,竹,段宇,
ZGG028-1,ZGG028苦竹生料混料 観察ポイント1,ZGG028,,,,,
ZGG028-2,ZGG028苦竹生料混料 観察ポイント2,ZGG028,,,,,
ZGG028-3,ZGG028苦竹生料混料 観察ポイント3,ZGG028,,,,,
ZGG028-4,ZGG028苦竹生料混料 観察ポイント4,ZGG028,,,,,
ZGG028-5,ZGG028苦竹生料混料 観察ポイント5,ZGG028,,,,,
ZGG029,ZGG029苦竹生料混料,,中国古籍修復紙譜(上),竹紙,竹,段宇,
ZGG029-1,ZGG029苦竹生料混料 観察ポイント1,ZGG029,,,,,
ZGG029-2,ZGG029苦竹生料混料 観察ポイント2,ZGG029,,,,,
ZGG029-3,ZGG029苦竹生料混料 観察ポイント3,ZGG029,,,,,
ZGG029-4,ZGG029苦竹生料混料 観察ポイント4,ZGG029,,,,,
ZGG029-5,ZGG029苦竹生料混料 観察ポイント5,ZGG029,,,,,
ZGG030,ZGG030苦竹生料混料,,中国古籍修復紙譜(上),竹紙,竹,段宇,
ZGG030-1,ZGG030苦竹生料混料 観察ポイント1,ZGG030,,,,,
ZGG030-2,ZGG030苦竹生料混料 観察ポイント2,ZGG030,,,,,
ZGG030-3,ZGG030苦竹生料混料 観察ポイント3,ZGG030,,,,,
ZGG030-4,ZGG030苦竹生料混料 観察ポイント4,ZGG030,,,,,
ZGG030-5,ZGG030苦竹生料混料 観察ポイント5,ZGG030,,,,,
ZHG031,ZHG031苦竹生料竹料,,中国古籍修復紙譜(上),竹紙,竹,段宇,
ZHG031-1,ZHG031苦竹生料竹料 観察ポイント1,ZHG031,,,,,
ZHG031-2,ZHG031苦竹生料竹料 観察ポイント2,ZHG031,,,,,
ZHG031-3,ZHG031苦竹生料竹料 観察ポイント3,ZHG031,,,,,
ZHG031-4,ZHG031苦竹生料竹料 観察ポイント4,ZHG031,,,,,
ZHG031-5,ZHG031苦竹生料竹料 観察ポイント5,ZHG031,,,,,
ZHG032,ZHG032苦竹生料竹料,,中国古籍修復紙譜(上),竹紙,竹,段宇,
ZHG032-1,ZHG032苦竹生料竹料 観察ポイント1,ZHG032,,,,,
ZHG032-2,ZHG032苦竹生料竹料 観察ポイント2,ZHG032,,,,,
ZHG032-3,ZHG032苦竹生料竹料 観察ポイント3,ZHG032,,,,,
ZHG032-4,ZHG032苦竹生料竹料 観察ポイント4,ZHG032,,,,,
ZHG032-5,ZHG032苦竹生料竹料 観察ポイント5,ZHG032,,,,,
ZHG034,ZHG034苦竹生料竹料,,中国古籍修復紙譜(上),竹紙,竹,段宇,
ZHG034-1,ZHG034苦竹生料竹料 観察ポイント1,ZHG034,,,,,
ZHG034-2,ZHG034苦竹生料竹料 観察ポイント2,ZHG034,,,,,
ZHG034-3,ZHG034苦竹生料竹料 観察ポイント3,ZHG034,,,,,
ZHG034-4,ZHG034苦竹生料竹料 観察ポイント4,ZHG034,,,,,
ZHG034-5,ZHG034苦竹生料竹料 観察ポイント5,ZHG034,,,,,
ZHG035,ZHG035苦竹生料竹料,,中国古籍修復紙譜(上),竹紙,竹,段宇,
ZHG035-1,ZHG035苦竹生料竹料 観察ポイント1,ZHG035,,,,,
ZHG035-2,ZHG035苦竹生料竹料 観察ポイント2,ZHG035,,,,,
ZHG035-3,ZHG035苦竹生料竹料 観察ポイント3,ZHG035,,,,,
ZHG035-4,ZHG035苦竹生料竹料 観察ポイント4,ZHG035,,,,,
ZHG035-5,ZHG035苦竹生料竹料 観察ポイント5,ZHG035,,,,,
ZHG036,ZHG036苦竹生料竹料,,中国古籍修復紙譜(上),竹紙,竹,段宇,
ZHG036-1,ZHG036苦竹生料竹料 観察ポイント1,ZHG036,,,,,
ZHG036-2,ZHG036苦竹生料竹料 観察ポイント2,ZHG036,,,,,
ZHG036-3,ZHG036苦竹生料竹料 観察ポイント3,ZHG036,,,,,
ZHG036-4,ZHG036苦竹生料竹料 観察ポイント4,ZHG036,,,,,
ZHG036-5,ZHG036苦竹生料竹料 観察ポイント5,ZHG036,,,,,
ZHG037,ZHG037苦竹生料竹料,,中国古籍修復紙譜(上),竹紙,竹,段宇,
ZHG037-1,ZHG037苦竹生料竹料 観察ポイント1,ZHG037,,,,,
ZHG037-2,ZHG037苦竹生料竹料 観察ポイント2,ZHG037,,,,,
ZHG037-3,ZHG037苦竹生料竹料 観察ポイント3,ZHG037,,,,,
ZHG037-4,ZHG037苦竹生料竹料 観察ポイント4,ZHG037,,,,,
ZHG037-5,ZHG037苦竹生料竹料 観察ポイント5,ZHG037,,,,,
ZIG038,ZIG038苦竹熟料混料,,中国古籍修復紙譜(上),竹紙,竹,段宇,
ZIG038-1,ZIG038苦竹熟料混料 観察ポイント1,ZIG038,,,,,
ZIG038-2,ZIG038苦竹熟料混料 観察ポイント2,ZIG038,,,,,
ZIG038-3,ZIG038苦竹熟料混料 観察ポイント3,ZIG038,,,,,
ZIG038-4,ZIG038苦竹熟料混料 観察ポイント4,ZIG038,,,,,
ZIG038-5,ZIG038苦竹熟料混料 観察ポイント5,ZIG038,,,,,
ZIG039,ZIG039苦竹熟料混料,,中国古籍修復紙譜(上),竹紙,竹,段宇,
ZIG039-1,ZIG039苦竹熟料混料 観察ポイント1,ZIG039,,,,,
ZIG039-2,ZIG039苦竹熟料混料 観察ポイント2,ZIG039,,,,,
ZIG039-3,ZIG039苦竹熟料混料 観察ポイント3,ZIG039,,,,,
ZIG039-4,ZIG039苦竹熟料混料 観察ポイント4,ZIG039,,,,,
ZIG039-5,ZIG039苦竹熟料混料 観察ポイント5,ZIG039,,,,,
ZIG040,ZIG040苦竹熟料混料,,中国古籍修復紙譜(上),竹紙,竹,段宇,
ZIG040-1,ZIG040苦竹熟料混料 観察ポイント1,ZIG040,,,,,
ZIG040-2,ZIG040苦竹熟料混料 観察ポイント2,ZIG040,,,,,
ZIG040-3,ZIG040苦竹熟料混料 観察ポイント3,ZIG040,,,,,
ZIG040-4,ZIG040苦竹熟料混料 観察ポイント4,ZIG040,,,,,
ZIG040-5,ZIG040苦竹熟料混料 観察ポイント5,ZIG040,,,,,
ZIG041,ZIG041苦竹熟料混料,,中国古籍修復紙譜(上),竹紙,竹,段宇,
ZIG041-1,ZIG041苦竹熟料混料 観察ポイント1,ZIG041,,,,,
ZIG041-2,ZIG041苦竹熟料混料 観察ポイント2,ZIG041,,,,,
ZIG041-3,ZIG041苦竹熟料混料 観察ポイント3,ZIG041,,,,,
ZIG041-4,ZIG041苦竹熟料混料 観察ポイント4,ZIG041,,,,,
ZIG041-5,ZIG041苦竹熟料混料 観察ポイント5,ZIG041,,,,,
ZIG042,ZIG042苦竹熟料混料,,中国古籍修復紙譜(上),竹紙,竹,段宇,
ZIG042-1,ZIG042苦竹熟料混料 観察ポイント1,ZIG042,,,,,
ZIG042-2,ZIG042苦竹熟料混料 観察ポイント2,ZIG042,,,,,
ZIG042-3,ZIG042苦竹熟料混料 観察ポイント3,ZIG042,,,,,
ZIG042-4,ZIG042苦竹熟料混料 観察ポイント4,ZIG042,,,,,
ZIG042-5,ZIG042苦竹熟料混料 観察ポイント5,ZIG042,,,,,
ZIG043,ZIG043苦竹熟料混料,,中国古籍修復紙譜(上),竹紙,竹,段宇,
ZIG043-1,ZIG043苦竹熟料混料 観察ポイント1,ZIG043,,,,,
ZIG043-2,ZIG043苦竹熟料混料 観察ポイント2,ZIG043,,,,,
ZIG043-3,ZIG043苦竹熟料混料 観察ポイント3,ZIG043,,,,,
ZIG043-4,ZIG043苦竹熟料混料 観察ポイント4,ZIG043,,,,,
ZIG043-5,ZIG043苦竹熟料混料 観察ポイント5,ZIG043,,,,,
ZIG044,ZIG044苦竹熟料混料,,中国古籍修復紙譜(上),竹紙,竹,段宇,
ZIG044-1,ZIG044苦竹熟料混料 観察ポイント1,ZIG044,,,,,
ZIG044-2,ZIG044苦竹熟料混料 観察ポイント2,ZIG044,,,,,
ZIG044-3,ZIG044苦竹熟料混料 観察ポイント3,ZIG044,,,,,
ZIG044-4,ZIG044苦竹熟料混料 観察ポイント4,ZIG044,,,,,
ZIG044-5,ZIG044苦竹熟料混料 観察ポイント5,ZIG044,,,,,
ZIG045,ZIG045苦竹熟料混料,,中国古籍修復紙譜(上),竹紙,竹,段宇,
ZIG045-1,ZIG045苦竹熟料混料 観察ポイント1,ZIG045,,,,,
ZIG045-2,ZIG045苦竹熟料混料 観察ポイント2,ZIG045,,,,,
ZIG045-3,ZIG045苦竹熟料混料 観察ポイント3,ZIG045,,,,,
ZIG045-4,ZIG045苦竹熟料混料 観察ポイント4,ZIG045,,,,,
ZIG045-5,ZIG045苦竹熟料混料 観察ポイント5,ZIG045,,,,,
ZJG046,ZJG046苦竹熟料竹料,,中国古籍修復紙譜(上),竹紙,竹,段宇,
ZJG046-1,ZJG046苦竹熟料竹料 観察ポイント1,ZJG046,,,,,
ZJG046-2,ZJG046苦竹熟料竹料 観察ポイント2,ZJG046,,,,,
ZJG046-3,ZJG046苦竹熟料竹料 観察ポイント3,ZJG046,,,,,
ZJG046-4,ZJG046苦竹熟料竹料 観察ポイント4,ZJG046,,,,,
ZJG046-5,ZJG046苦竹熟料竹料 観察ポイント5,ZJG046,,,,,
ZJG047,ZJG047苦竹熟料竹料,,中国古籍修復紙譜(上),竹紙,竹,段宇,
ZJG047-1,ZJG047苦竹熟料竹料 観察ポイント1,ZJG047,,,,,
ZJG047-2,ZJG047苦竹熟料竹料 観察ポイント2,ZJG047,,,,,
ZJG047-3,ZJG047苦竹熟料竹料 観察ポイント3,ZJG047,,,,,
ZJG047-4,ZJG047苦竹熟料竹料 観察ポイント4,ZJG047,,,,,
ZJG047-5,ZJG047苦竹熟料竹料 観察ポイント5,ZJG047,,,,,
ZJG048,ZJG048苦竹熟料竹料,,中国古籍修復紙譜(上),竹紙,竹,段宇,
ZJG048-1,ZJG048苦竹熟料竹料 観察ポイント1,ZJG048,,,,,
ZJG048-2,ZJG048苦竹熟料竹料 観察ポイント2,ZJG048,,,,,
ZJG048-3,ZJG048苦竹熟料竹料 観察ポイント3,ZJG048,,,,,
ZJG048-4,ZJG048苦竹熟料竹料 観察ポイント4,ZJG048,,,,,
ZJG048-5,ZJG048苦竹熟料竹料 観察ポイント5,ZJG048,,,,,
ZJG049,ZJG049苦竹熟料竹料,,中国古籍修復紙譜(上),竹紙,竹,段宇,
ZJG049-1,ZJG049苦竹熟料竹料 観察ポイント1,ZJG049,,,,,
ZJG049-2,ZJG049苦竹熟料竹料 観察ポイント2,ZJG049,,,,,
ZJG049-3,ZJG049苦竹熟料竹料 観察ポイント3,ZJG049,,,,,
ZJG049-4,ZJG049苦竹熟料竹料 観察ポイント4,ZJG049,,,,,
ZJG049-5,ZJG049苦竹熟料竹料 観察ポイント5,ZJG049,,,,,
ZJG050,ZJG050苦竹熟料竹料,,中国古籍修復紙譜(上),竹紙,竹,段宇,
ZJG050-1,ZJG050苦竹熟料竹料 観察ポイント1,ZJG050,,,,,
ZJG050-2,ZJG050苦竹熟料竹料 観察ポイント2,ZJG050,,,,,
ZJG050-3,ZJG050苦竹熟料竹料 観察ポイント3,ZJG050,,,,,
ZJG050-4,ZJG050苦竹熟料竹料 観察ポイント4,ZJG050,,,,,
ZJG050-5,ZJG050苦竹熟料竹料 観察ポイント5,ZJG050,,,,,
ZJG051,ZJG051苦竹熟料竹料,,中国古籍修復紙譜(上),竹紙,竹,段宇,
ZJG051-1,ZJG051苦竹熟料竹料 観察ポイント1,ZJG051,,,,,
ZJG051-2,ZJG051苦竹熟料竹料 観察ポイント2,ZJG051,,,,,
ZJG051-3,ZJG051苦竹熟料竹料 観察ポイント3,ZJG051,,,,,
ZJG051-4,ZJG051苦竹熟料竹料 観察ポイント4,ZJG051,,,,,
ZJG051-5,ZJG051苦竹熟料竹料 観察ポイント5,ZJG051,,,,,
ZJG052,ZJG052苦竹熟料竹料,,中国古籍修復紙譜(上),竹紙,竹,段宇,
ZJG052-1,ZJG052苦竹熟料竹料 観察ポイント1,ZJG052,,,,,
ZJG052-2,ZJG052苦竹熟料竹料 観察ポイント2,ZJG052,,,,,
ZJG052-3,ZJG052苦竹熟料竹料 観察ポイント3,ZJG052,,,,,
ZJG052-4,ZJG052苦竹熟料竹料 観察ポイント4,ZJG052,,,,,
ZJG052-5,ZJG052苦竹熟料竹料 観察ポイント5,ZJG052,,,,,
ZKG053,ZKG053毛竹生料混料,,中国古籍修復紙譜(上),竹紙,竹,段宇,
ZKG053-1,ZKG053毛竹生料混料 観察ポイント1,ZKG053,,,,,
ZKG053-2,ZKG053毛竹生料混料 観察ポイント2,ZKG053,,,,,
ZKG053-3,ZKG053毛竹生料混料 観察ポイント3,ZKG053,,,,,
ZKG053-4,ZKG053毛竹生料混料 観察ポイント4,ZKG053,,,,,
ZKG053-5,ZKG053毛竹生料混料 観察ポイント5,ZKG053,,,,,
ZKG054,ZKG054毛竹生料混料,,中国古籍修復紙譜(上),竹紙,竹,段宇,
ZKG054-1,ZKG054毛竹生料混料 観察ポイント1,ZKG054,,,,,
ZKG054-2,ZKG054毛竹生料混料 観察ポイント2,ZKG054,,,,,
ZKG054-3,ZKG054毛竹生料混料 観察ポイント3,ZKG054,,,,,
ZKG054-4,ZKG054毛竹生料混料 観察ポイント4,ZKG054,,,,,
ZKG054-5,ZKG054毛竹生料混料 観察ポイント5,ZKG054,,,,,
ZKG055,ZKG055毛竹生料混料,,中国古籍修復紙譜(上),竹紙,竹,段宇,
ZKG055-1,ZKG055毛竹生料混料 観察ポイント1,ZKG055,,,,,
ZKG055-2,ZKG055毛竹生料混料 観察ポイント2,ZKG055,,,,,
ZKG055-3,ZKG055毛竹生料混料 観察ポイント3,ZKG055,,,,,
ZKG055-4,ZKG055毛竹生料混料 観察ポイント4,ZKG055,,,,,
ZKG055-5,ZKG055毛竹生料混料 観察ポイント5,ZKG055,,,,,
ZKG056,ZKG056毛竹生料混料,,中国古籍修復紙譜(上),竹紙,竹,段宇,
ZKG056-1,ZKG056毛竹生料混料 観察ポイント1,ZKG056,,,,,
ZKG056-2,ZKG056毛竹生料混料 観察ポイント2,ZKG056,,,,,
ZKG056-3,ZKG056毛竹生料混料 観察ポイント3,ZKG056,,,,,
ZKG056-4,ZKG056毛竹生料混料 観察ポイント4,ZKG056,,,,,
ZKG056-5,ZKG056毛竹生料混料 観察ポイント5,ZKG056,,,,,
